"","DBN","School Name","SAT Critical Reading Avg. Score","SAT Math Avg. Score","SAT Writing Avg. Score","School Type","Parent Response Rate","frl_percent","ell_percent","asian_per","black_per","hispanic_per","white_per","male_per","female_per","sped_percent","total_enrollment","Num of SAT Test Takers"
"1","01M292","Henry Street School For International Studies","355","404","363","Middle/High School","26%",88.6,22.3,14,29.1,53.8,1.7,61.4,38.6,24.9,422,"29"
"2","01M448","University Neighborhood High School","383","423","366","High School","26%",71.8,21.1,29.2,22.6,45.9,2.3,57.4,42.6,21.8,394,"91"
"3","01M450","East Side Community School","377","402","370","Middle/High School","29%",71.8,5,9.7,23.9,55.4,10.4,54.7,45.3,26.4,598,"70"
"4","01M458","Forsyth Satellite Academy","414","401","359","Transfer High School","17%",72.8,4,2.2,34.4,59.4,3.6,43.3,56.7,8.9,224,"7"
"5","01M509","Marta Valle High School","390","433","384","High School","13%",80.7,11.2,9.3,31.6,56.9,1.6,46.3,53.7,25.9,367,"44"
"6","01M515","Lower East Side Preparatory High School","332","557","316","Transfer High School","76%",77,80.6,84.7,5.2,8.9,0.9,53.7,46.3,1.2,562,"112"
"7","01M539","New Explorations Into Science, Technology And Math","522","574","525","Elementary/Middle/High School","60%",23,0.2,27.8,11.7,14.2,44.9,49.2,50.8,2.7,1613,"159"
"8","01M650","Cascades High School","417","418","411","Transfer High School","29%",69.8,3.2,0.5,45.4,49.5,4.1,39.9,60.1,6.9,218,"18"
"9","01M696","Bard High School Early College","624","604","628","High School","47%",18,0.2,15.1,15.1,18.2,49.8,31.3,68.7,0.8,617,"130"
"10","02M047","47 The American Sign Language And English Secondar","395","400","387","High School","48%",66.9,8,1.7,32.2,59.2,6.3,42.5,57.5,32.2,174,"16"
"11","02M288","Food And Finance High School","409","393","392","High School","7%",68.4,2.1,3,44.1,47.6,4.8,45,55,18.5,433,"62"
"12","02M294","Essex Street Academy","394","384","378","High School","29%",60.8,3.8,4.1,27.7,60.6,7.6,53.4,46.6,20.4,343,"53"
"13","02M296","High School Of Hospitality Management","374","375","362","High School","41%",72.4,9.5,5.3,26.5,66.1,2.1,32.2,67.8,14.8,419,"58"
"14","02M298","Pace High School","423","438","432","High School","78%",56.7,2.2,10.1,32.4,42,3.9,43.7,56.3,13.8,414,"85"
"15","02M300","Urban Assembly School Of Design And Construction,","404","449","416","High School","30%",75.3,10.9,6,29.2,59.2,4.9,74.9,25.1,20,431,"48"
"16","02M303","Facing History School, The","353","358","340","High School","73%",75.6,20.8,0.7,23.5,73.2,2.4,50.6,49.4,21.7,451,"76"
"17","02M305","Urban Assembly Academy Of Government And Law, The","375","388","385","High School","9%",68.3,6.1,3.8,41.7,50.6,3.5,43.9,56.1,17,312,"50"
"18","02M308","Lower Manhattan Arts Academy","403","392","405","High School","13%",62.2,3.9,9.5,30.7,55.7,3.6,39.9,60.1,24.7,336,"40"
"19","02M313","James Baldwin School, The: A School For Expedition","408","390","390","Transfer High School","16%",51,4.8,4,34.3,54.4,6.5,52.4,47.6,12.9,248,"69"
"20","02M316","Urban Assembly School Of Business For Young Women,","373","370","384","High School","60%",74.9,2.6,3.4,46.8,48.4,1.3,0,100,15.6,378,"42"
"21","02M374","Gramercy Arts High School","391","391","394","High School","68%",59,3,2.8,45.3,45.1,6.7,26.3,73.7,12.3,495,"60"
"22","02M376","Nyc Ischool","473","483","479","High School","37%",34.6,0.5,11.5,20.6,43,24,48.7,51.3,10.9,433,"92"
"23","02M392","Manhattan Business Academy","s","s","s","High School","17%",64,9.9,6.6,29.5,58.7,4.8,59,41,13.9,332,"s"
"24","02M393","Business Of Sports School","s","s","s","High School","26%",58.7,7.6,1.6,35.5,57.2,4.3,72.4,27.6,21.4,304,"s"
"25","02M394","Emma Lazarus High School","319","512","357","Transfer High School","95%",97,82.8,62.4,7.2,26.4,4,51.2,48.8,0,250,"79"
"26","02M399","The High School For Language And Diplomacy","s","s","s","High School","15%",80.8,28.3,44.3,15.6,32.8,5.3,48,52,16.8,244,"s"
"27","02M400","High School For Environmental Studies","465","493","461","High School","10%",56.4,7.1,16.7,14.8,57.2,11.1,50.4,49.6,14.4,1394,"263"
"28","02M407","Institute For Collaborative Education","492","465","467","Middle/High School","30%",17.9,0.4,6.3,10.2,17.6,54.6,55.2,44.8,8.8,489,"54"
"29","02M408","Professional Performing Arts High School","509","490","523","Middle/High School","45%",23.5,2,7,19.1,23.7,41.8,25.3,74.7,3.2,502,"94"
"30","02M411","Baruch College Campus High School","496","563","518","High School","29%",54.6,1.6,60.6,5.8,14.6,18.8,44,56,2.3,432,"104"
"31","02M412","N.Y.C. Lab School For Collaborative Studies","537","590","550","High School","27%",21.6,1.6,29.4,8.5,14,45.9,47,53,15,579,"114"
"32","02M413","School Of The Future High School","517","533","515","Middle/High School","46%",31,2.1,16,12.3,26,38,50.8,49.2,14.6,673,"66"
"33","02M414","N.Y.C. Museum School","468","492","459","High School","50%",51.6,0.5,33,11.7,39.9,15.4,42.4,57.6,9.4,436,"103"
"34","02M416","Eleanor Roosevelt High School","572","594","592","High School","39%",15.8,0.2,17.2,5.5,11.6,63.7,32.5,67.5,1.2,507,"127"
"35","02M418","Millennium High School","528","553","533","High School","47%",32.7,0.2,30,8.8,21.7,35.9,38.2,61.8,9.1,626,"144"
"36","02M419","Landmark High School","390","399","381","High School","45%",83.1,15.7,5.2,18.1,74.8,1.9,48.5,51.5,18.8,421,"62"
"37","02M420","High School For Health Professions And Human Servi","429","449","428","High School","48%",68,4,20.5,24.4,49.7,5.3,29.4,70.6,10.9,1768,"336"
"38","02M425","Leadership And Public Service High School","416","426","391","High School","6%",74.2,5.4,8.1,30.5,54.2,6.6,46.1,53.9,18.6,607,"84"
"39","02M427","Manhattan Academy For Arts & Language","s","s","s","High School","61%",97.5,86.9,6.3,8,84.6,1.1,54.9,45.1,6.9,175,"s"
"40","02M429","Legacy School For Integrated Studies","356","357","349","High School","21%",93.9,8.2,1.4,45.2,51.4,1.7,49,51,22.4,294,"29"
"41","02M437","Hudson High School Of Learning Technologies","s","s","s","High School","47%",61.5,8.8,5.8,23.5,62.4,6.6,60.6,39.4,16.4,226,"s"
"42","02M438","International High School At Union Square","s","s","s","High School","28%",82.8,94.9,40.3,12.5,43.2,3.4,61.4,38.6,0.6,176,"s"
"43","02M439","Manhattan Village Academy","441","473","458","High School","74%",60.3,3.7,6.3,16.8,71.8,4.9,38.5,61.5,8.2,429,"95"
"44","02M440","Bayard Rustin Educational Complex","378","365","368","High School","20%",75.5,26,6.3,27.9,62.5,2.4,63.9,36.1,13.5,208,"59"
"45","02M449","Vanguard High School","395","416","388","High School","19%",69.5,6.1,9.9,25.7,59,4.5,46.2,53.8,17.3,444,"72"
"46","02M459","Manhattan International High School","376","460","391","High School","39%",80.7,77.5,33.5,14.8,36.9,14.5,44.3,55.7,0.3,325,"49"
"47","02M460","Washington Irving High School","373","387","360","High School","24%",66,18.6,4.8,34.3,58.2,2.3,47.5,52.5,17.2,1032,"151"
"49","02M475","Stuyvesant High School","679","735","682","High School","23%",30.3,0,72.1,1.2,2.4,23.7,59.3,40.7,0.4,3297,"832"
"50","02M489","High School Of Economics And Finance","443","489","442","High School","47%",60.8,6.3,24.8,22.5,43.5,8.8,54.5,45.5,11.9,809,"167"
"51","02M500","Unity Center For Urban Technologies","370","349","351","High School","75%",83.5,15.6,3.8,35,55.3,2.5,62.4,37.6,32.9,237,"25"
"52","02M519","Talent Unlimited High School","469","472","475","High School","30%",45.5,0.2,4.5,36,39.3,19.8,21.4,78.6,3.5,491,"81"
"53","02M520","Murry Bergtraum High School For Business Careers","407","440","393","High School","4%",72.7,10.2,10.5,39.9,46.6,2.3,49.1,50.9,14.1,2073,"264"
"54","02M529","Jacqueline Kennedy Onassis High School","414","425","400","High School","16%",73,9.8,5.1,22.7,69.9,1.8,40.6,59.4,13.7,724,"131"
"55","02M531","Repertory Company High School For Theatre Arts","429","404","420","High School","36%",65.3,0.5,1.4,47.9,42.4,7.4,21.2,78.8,5.1,217,"42"
"56","02M542","Manhattan Bridges High School","336","378","344","High School","68%",83.5,72.6,0.2,0,99.8,0,51.4,48.6,1.7,541,"66"
"57","02M543","New Design High School","391","395","382","High School","5%",66.1,5.4,3.8,30.3,62.2,2.6,38.3,61.7,17.5,423,"73"
"58","02M544","Independence High School","389","371","335","Transfer High School","19%",74.4,3.8,4.3,33.5,59.6,2,51.2,48.8,11.5,391,"14"
"59","02M545","High School For Dual Language And Asian Studies","412","581","431","High School","47%",82.6,38.2,89.5,3.4,4,2.3,51.3,48.7,2.3,353,"78"
"60","02M550","Liberty High School Academy For Newcomers","368","436","352","Transfer High School","76%",79.5,90.2,25.7,19.9,42.1,11.8,61,39,2,397,"26"
"61","02M551","The Urban Assembly New York Harbor School","405","423","384","High School","35%",73.5,4.2,2.3,37.4,49.3,10.2,60.9,39.1,17.9,430,"77"
"62","02M560","High School M560 - City As School","498","440","477","Transfer High School","4%",38.1,1.3,4.8,37.7,38.8,17.4,43.6,56.4,9.3,605,"56"
"63","02M565","Urban Academy Laboratory High School","527","508","512","Transfer High School","11%",32.1,1.3,5.1,33.8,38.2,20.4,40.8,59.2,0,157,"30"
"64","02M570","Satellite Academy High School","350","337","345","Transfer High School","33%",72.8,6.5,1.6,35.1,59.7,2.8,38.7,61.3,14.1,248,"33"
"65","02M575","Manhattan Comprehensive Night And Day High School","345","517","343","Transfer High School","35%",85.6,60,35.3,31,28.3,5,56.1,43.9,2.4,807,"121"
"66","02M580","Richard R. Green High School Of Teaching","408","384","403","High School","42%",67,6.4,2.3,35.1,59.3,2.3,32.6,67.4,21.8,610,"84"
"67","02M586","Harvey Milk High School","458","416","429","Transfer High School","37%",75.7,1.5,5.9,38.2,39.7,16.2,47.1,52.9,22.1,68,"9"
"68","02M600","The High School Of Fashion Industries","423","423","411","High School","25%",68.3,2.8,3.8,39.1,52.3,4.1,7.3,92.7,11.5,1599,"335"
"69","02M605","Humanities Preparatory Academy","426","403","426","Transfer High School","25%",54,1,7.3,21.9,57.8,11.5,42.7,57.3,6.8,192,"36"
"70","02M615","Chelsea Career And Technical Education High School","399","418","390","High School","28%",69.8,6.2,7.1,29.6,60.5,1.5,65,35,15.7,466,"83"
"71","02M620","Norman Thomas High School","370","379","359","High School","41%",81.1,19.3,1.6,25.6,70.6,2,52,48,15.5,1127,"154"
"72","02M625","High School Of Graphic Communication Arts","395","382","376","High School","26%",72.7,9.1,3.1,30.3,63.8,2.6,46.5,53.5,17.2,1433,"191"
"73","02M630","Art And Design High School","444","441","430","High School","22%",53.3,1.6,9,26.8,51,12.6,46.7,53.3,11.1,1344,"270"
"74","02M655","Life Sciences Secondary School","409","424","403","Middle/High School","9%",70.3,7.9,3.3,28.6,64.3,2.4,51.6,48.4,19.7,717,"61"
"75","03M283","Manhattan Theatre Lab High School","406","379","408","High School","6%",59.6,8.6,1.7,46,49.4,2.2,31.8,68.2,10.5,409,"27"
"76","03M299","High School For Arts, Imagination And Inquiry","374","384","374","High School","21%",66.4,14.4,1,37.3,58.9,1.4,55.7,44.3,19.6,418,"49"
"77","03M307","Urban Assembly School For Media Studies, The","384","390","370","High School","13%",68.8,12.8,2.2,37.4,56,3,57.9,42.1,15.3,366,"41"
"78","03M402","The Urban Assembly School For Green Careers","s","s","s","High School","33%",73.2,25.1,1.8,19.8,76,1.8,56.9,43.1,21.6,283,"s"
"79","03M403","The Global Learning Collaborative","s","s","s","High School","20%",68.4,19.3,3.6,27.7,62.6,5.9,51.4,48.6,19.3,358,"s"
"80","03M404","Innovation Diploma Plus","416","403","381","Transfer High School","44%",50.4,3.5,48.7,33.2,16.6,1.5,47.7,52.3,10.1,199,"12"
"81","03M415","Wadleigh Secondary School For The Performing & Vis","371","368","370","Middle/High School","46%",76.6,7.4,0.4,59.9,38.8,0.8,38.4,61.6,18.8,516,"32"
"82","03M417","Frank Mccourt High School","s","s","s","High School","32%",24,0.9,6.8,18.3,37,37,46.6,53.4,17.4,219,"s"
"83","03M470","Louis D. Brandeis High School","370","390","358","High School","4%",68.6,27.8,2.1,29.6,67.4,1,50.5,49.5,10.7,291,"131"
"84","03M479","Beacon High School","577","575","592","High School","29%",18.4,0.2,8.9,14.6,22.8,49.8,39,61,3.7,1162,"261"
"85","03M485","Fiorello H. Laguardia High School Of Music & Art A","566","564","577","High School","36%",21.7,0.2,19.6,12.9,16.6,49.2,26.4,73.6,1,2605,"531"
"86","03M492","High School For Law, Advocacy And Community Justic","396","398","402","High School","52%",79.9,10.5,1.3,46.2,48.1,1.8,40.1,59.9,15.5,541,"66"
"87","03M494","High School Of Arts And Technology","433","433","411","High School","29%",79.8,10.4,5,34.8,57.2,2.3,67.7,32.3,17.2,603,"75"
"88","03M505","Edward A. Reynolds West Side High School","401","369","351","Transfer High School","14%",70.5,7.8,0.5,34.6,64.4,0.5,44.3,55.7,23,564,"35"
"89","03M541","Manhattan / Hunter Science High School","473","506","467","High School","22%",55.2,1.3,25.6,21.4,41.5,10.2,41.1,58.9,3.8,453,"111"
"90","03M860","Frederick Douglass Academy Ii Secondary School","356","379","361","Middle/High School","49%",64.2,5.8,0.7,77.7,18.9,1.5,54.2,45.8,20.8,413,"43"
"91","04M409","Coalition School For Social Change","354","357","373","High School","18%",71.8,9.7,0.9,39.3,58.7,0.9,44.4,55.6,24.4,349,"48"
"92","04M435","Manhattan Center For Science And Mathematics","461","514","455","High School","21%",71.6,2.7,20.1,19.7,57.4,2.2,46.4,53.6,5.8,1650,"375"
"93","04M495","Park East High School","373","379","376","High School","30%",76.8,4.3,4.9,33.2,59.6,0.3,42.1,57.9,10.6,349,"51"
"94","04M555","Central Park East High School","405","421","395","High School","30%",70.4,4,6.5,26.7,64.5,1.6,32.1,67.9,13.5,445,"73"
"95","04M610","Young Women'S Leadership School","432","446","448","Middle/High School","60%",67.3,2.2,5.1,31.2,60.1,1.6,0,100,6.7,449,"70"
"96","04M635","Academy Of Environmental Science Secondary High Sc","369","369","357","High School","74%",62.7,13.5,4.2,27.6,65.6,2.1,62,38,18.8,192,"48"
"97","04M680","Heritage School, The","358","351","345","High School","51%",71.8,6.8,0.3,28.9,69.4,1,48.6,51.4,24.8,294,"31"
"98","05M285","Harlem Renaissance High School","357","318","333","Transfer High School","24%",67.6,9.5,0.5,62.2,36.9,0.5,39.2,60.8,10.8,222,"29"
"99","05M304","Mott Hall High School","413","399","398","High School","78%",78.5,8.7,0.9,35,63.8,0.2,53.5,46.5,15.5,426,"54"
"100","05M362","Columbia Secondary School","s","s","s","Middle/High School","39%",46.3,0.6,11.6,20,48.5,18.4,49.6,50.4,0.4,474,"s"
"101","05M367","Academy For Social Action: A College Board School","354","366","342","Middle/High School","12%",67,9.9,0.5,61.4,38.1,0,48.7,51.3,21.6,425,"33"
"102","05M369","Urban Assembly School For The Performing Arts","360","353","364","High School","54%",77.7,6.1,0.5,59.1,38.2,0.8,25.4,74.6,16.6,374,"56"
"103","05M469","Choir Academy Of Harlem","354","360","385","Middle/High School","24%",81.9,2,0.3,76.1,22.5,0.6,39.8,60.2,13.3,347,"20"
"104","05M499","Frederick Douglass Academy","458","474","442","Middle/High School","14%",57.6,2.4,1.2,74.4,22.8,1.3,52.2,47.8,8.9,1556,"214"
"105","05M670","Thurgood Marshall Academy For Learning And Social","396","402","404","Middle/High School","41%",65.1,1.4,0.2,78.1,20.9,0.2,44.1,55.9,10,580,"66"
"106","05M685","Bread & Roses Integrated Arts High School","369","361","355","High School","25%",71.8,17.6,0.4,53.2,45.4,0.6,48.9,51.1,21,524,"61"
"107","05M692","High School For Mathematics, Science And Engineeri","605","654","588","High School","41%",18.5,0,36.2,15,21.2,26.1,65.8,34.2,0,406,"101"
"108","06M293","City College Academy Of The Arts","408","446","416","Middle/High School","54%",71.6,6.1,0.7,6,92,1.2,39.6,60.4,13.1,586,"60"
"109","06M346","Community Health Academy Of The Heights","362","376","367","Middle/High School","52%",78.8,30,0.2,5.2,93.8,0.8,52.3,47.7,17.3,520,"55"
"110","06M348","Washington Heights Expeditionary Learning School","380","395","399","Middle/High School","52%",87.5,19.6,0,2.3,96.7,0.3,55.8,44.2,18.1,602,"70"
"111","06M423","High School For Excellence And Innovation","s","s","s","Transfer High School","64%",99.2,19.7,0,25.8,72.5,0,52.8,47.2,34.3,178,"s"
"113","06M462","The College Academy","365","384","378","High School","44%",89.3,43,0.5,5.2,91.4,1.4,63.8,36.2,13.7,630,"76"
"114","06M463","High School For Media And Communications","369","380","349","High School","38%",83.8,26.9,1,10.7,87.1,0.5,63.5,36.5,17,572,"63"
"115","06M467","High School For Law And Public Service","363","378","361","High School","40%",72.5,32,1,13,84.4,1.3,58.6,41.4,16.7,694,"94"
"116","06M468","High School For Health Careers And Sciences","400","422","402","High School","52%",90.7,31.2,0.7,13.7,83.8,1,52.7,47.3,13.8,679,"24"
"117","06M540","A. Philip Randolph Campus High School","430","456","423","High School","9%",76.3,2.3,4,32.8,62.3,0.7,49.9,50.1,5.5,1285,"228"
"118","06M552","Gregorio Luperon High School For Science And Mathe","339","349","326","High School","65%",92.8,89.6,0,0,99.8,0,48.9,51.1,0,472,"56"
"119","07X221","South Bronx Preparatory: A College Board School","364","378","348","Middle/High School","47%",72.9,8.8,0.6,29.9,68.8,0.5,47.4,52.6,19.3,622,"65"
"120","07X321","Crotona Academy High School","379","364","382","Transfer High School","50%",78.3,2.4,0.8,42.7,54,0.8,31.5,68.5,6.5,124,"9"
"121","07X334","International Community High School","310","324","311","High School","46%",77.5,90.1,4.8,20.1,71.8,2,48.6,51.4,1.8,393,"34"
"122","07X379","Jill Chaifetz Transfer High School","s","s","s","Transfer High School","22%",71.7,3,0.5,40.9,56.6,1,36.9,63.1,7.6,198,"s"
"123","07X381","Bronx Haven High School","s","s","s","Transfer High School","32%",64.7,7.8,0.7,35.9,62.7,0.7,37.3,62.7,8.5,153,"s"
"124","07X427","Community School For Social Justice","361","359","357","High School","33%",82.7,13.2,0.6,32.3,65.5,0.9,49.2,50.8,19.7,319,"43"
"125","07X473","Mott Haven Village Preparatory High School","351","375","371","High School","67%",78.5,9.6,1.1,22.6,76,0,50.1,49.9,18.5,363,"63"
"126","07X495","University Heights Secondary School","403","394","404","High School","73%",90.1,3.7,2.6,18.1,78.1,1.3,43.2,56.8,5.2,465,"79"
"127","07X500","Hostos-Lincoln Academy Of Science","420","426","411","Middle/High School","24%",68.3,5.6,2,24,72.7,0.7,45.2,54.8,11.9,538,"66"
"128","07X520","Foreign Language Academy Of Global Studies","399","396","391","High School","42%",89.9,21.9,3.2,26,68.8,1,45.3,54.7,22.5,311,"64"
"129","07X527","Bronx Leadership Academy Ii High School","362","378","363","High School","20%",77,14.1,1.4,41.2,56,1,54,46,18.5,502,"62"
"130","07X547","New Explorers High School","367","356","361","High School","17%",90.4,15.7,0.5,30.3,68.1,0.5,57.7,42.3,25.1,383,"28"
"131","07X548","Urban Assembly School For Careers In Sports","387","411","383","High School","24%",74.3,5,0.4,26.6,70.4,0.4,84.3,15.7,18.7,477,"44"
"132","07X551","Bronx Academy Of Letters","413","381","407","Middle/High School","32%",79.1,9.4,0.5,34.1,64.3,0.9,44.5,55.5,24,555,"51"
"133","07X600","Alfred E. Smith Career And Technical Education Hig","394","400","364","High School","15%",76.7,9.1,1.4,35.9,61.5,0.7,92.7,7.3,22,738,"76"
"134","07X655","Samuel Gompers Career And Technical Education High","398","416","370","High School","11%",75.7,17,1.2,32.4,64.9,0.8,79.6,20.4,26.1,663,"47"
"135","07X670","Health Opportunities High School","363","368","364","High School","83%",77.8,10.4,3.1,39.2,56.9,0.5,28.6,71.4,19.6,587,"114"
"136","08X269","Bronx Studio School For Writers And Artists","s","s","s","Middle/High School","43%",85.6,9.2,1.2,22.4,74.8,1,44,56,13.4,500,"s"
"137","08X282","Women'S Academy Of Excellence","407","386","378","High School","21%",72.2,2.6,2.9,45.9,46.4,2.4,0.3,99.7,15.6,379,"44"
"138","08X293","Renaissance High School For Musical Theater & Tech","384","385","389","High School","31%",66.4,4.5,2.6,25.4,63.8,7.7,38,62,21.7,469,"52"
"139","08X295","Gateway School For Environmental Research And Tech","416","390","394","High School","14%",74.6,11.5,5.6,33.1,59.4,1,60,40,24.1,478,"41"
"140","08X305","Pablo Neruda Academy For Architecture And World St","337","361","340","High School","39%",75.8,15.9,2.5,26.2,69.9,1.4,66,34,27.3,359,"67"
"141","08X312","Millennium Art Academy","387","402","375","High School","16%",74.2,5.4,1.8,32.5,64.3,1,49.2,50.8,20.4,496,"67"
"142","08X332","Holcombe L. Rucker School Of Community Research","363","371","350","High School","71%",79.6,12.6,0.9,39.9,56.8,0.6,49.2,50.8,18,333,"39"
"143","08X367","Archimedes Academy For Math, Science And Technolog","s","s","s","Middle/High School","37%",87.3,2.6,2.8,35,60.2,2,62,38,22,500,"s"
"144","08X376","Antonia Pantoja Preparatory Academy, A College Boa","s","s","s","Middle/High School","32%",81.3,7.4,4.9,27.8,66,0.7,47,53,24.1,432,"s"
"145","08X377","Bronx Community High School","367","369","376","Transfer High School","43%",73.9,4.5,1,33,63.5,1,50.5,49.5,5,200,"9"
"146","08X405","Herbert H. Lehman High School","412","436","393","High School","5%",66.8,9.2,6.8,23,60.6,9,61.1,38.9,20.9,3593,"415"
"148","08X432","Bronx Bridges High School","s","s","s","High School","58%",87.2,79.4,5.2,8.4,83.2,2.6,52.3,47.7,7.7,155,"s"
"149","08X452","Bronx Guild","369","371","365","High School","44%",69.2,7.2,3.9,33.8,61.3,0.7,49.5,50.5,23,305,"39"
"151","08X519","Felisa Rincon De Gautier Institute For Law And Pub","373","370","356","High School","25%",72.3,14,1.4,21.8,76,0.6,43,57,20.9,363,"68"
"152","08X530","Banana Kelly High School","373","381","377","High School","42%",81.9,13.5,0.7,32.6,65.4,1.1,49.9,50.1,25.7,451,"54"
"153","08X537","Bronx Arena High School","s","s","s","Transfer High School","19%",60,4.7,2.3,40.3,55.8,0.8,43.4,56.6,6.2,129,"s"
"154","08X540","School For Community Research And Learning","366","400","368","High School","2%",83.8,11,4.7,28.8,64.9,1,57.1,42.9,28.3,191,"16"
"155","08X560","Bronx Academy High School","404","368","399","Transfer High School","7%",76.2,9.2,0,37.9,61,1,44.1,55.9,6.7,195,"9"
"156","08X650","Jane Addams High School For Academic Careers","377","359","376","High School","11%",85.7,11.2,1.5,36.8,60.8,0.3,28.3,71.7,22.2,717,"78"
"157","09X227","Bronx Expeditionary Learning High School","324","376","349","High School","41%",83.9,29.3,1.1,27.9,69.3,0.8,50.1,49.9,21.1,355,"39"
"158","09X231","Eagle Academy For Young Men","373","387","374","Middle/High School","41%",60.4,4,0.7,63.1,33.8,0.5,100,0,24.2,550,"78"
"159","09X239","Urban Assembly Academy For History And Citizenship","372","355","357","High School","21%",50.2,19.9,0.7,56.7,40.4,0.7,100,0,27.7,141,"33"
"160","09X241","Urban Assembly School For Applied Math And Science","411","464","415","Middle/High School","46%",79.5,9.4,2.6,32,63.4,1.5,49.3,50.7,14.7,606,"80"
"161","09X250","Eximius College Preparatory Academy: A College Boa","393","394","382","High School","34%",62.9,8.1,0.6,40.7,58.1,0.3,46.6,53.4,18.8,356,"50"
"162","09X252","Mott Hall Bronx High School","369","367","356","High School","19%",58.9,8.8,1.1,24.3,73.7,0.8,45.8,54,15.5,354,"67"
"163","09X260","Bronx Center For Science And Mathematics","459","480","457","High School","55%",70,1.6,5.9,24.3,68.7,1.1,46.2,53.8,14,444,"81"
"164","09X263","Validus Preparatory Academy: An Expeditionary Lear","356","363","356","High School","34%",76.1,12.1,1.1,34.2,63.8,0.3,44.1,55.9,16.2,365,"74"
"165","09X276","Leadership Institute","361","353","367","High School","49%",94.8,16.5,1.7,33,63.5,1.3,52.2,47.8,16.1,230,"30"
"166","09X297","Morris Academy For Collaborative Studies","386","386","376","High School","35%",79.1,19.1,0.4,26,73.1,0.4,53.8,46.2,22.4,450,"38"
"167","09X324","Bronx Early College Academy For Teaching & Learnin","s","s","s","Middle/High School","25%",79.4,11,3,32,64.5,0.2,48.5,51.5,16.2,493,"s"
"168","09X329","Dreamyard Preparatory School","382","365","391","High School","20%",80,24.4,0,26.9,69.9,0.3,44.1,55.9,19.5,349,"51"
"169","09X365","Academy For Language And Technology","315","339","297","High School","85%",85.7,86.6,0,0.6,99.4,0,48.8,51.2,0.9,336,"54"
"170","09X403","Bronx International High School","314","312","339","High School","49%",82.3,87.1,1,22.8,72.2,3.7,45.7,54.3,1.2,403,"49"
"171","09X404","School For Excellence","363","360","351","High School","82%",81.4,20.7,0.3,34.5,64.5,0,52.3,47.7,26.2,386,"32"
"172","09X412","Bronx High School Of Business","356","376","351","High School","27%",77.6,23.2,0.7,38.7,59.9,0.5,54.9,45.1,23.2,401,"34"
"173","09X413","Bronx High School For Medical Science","400","419","402","Middle/High School","33%",76.9,5.7,5.3,36.7,57.8,0.2,42.2,57.8,8.6,455,"64"
"174","09X414","Jonathan Levin High School For Media And Communica","379","364","379","High School","12%",77.7,38.5,0.5,22.3,75.4,1.6,53.4,46.6,20.9,382,"35"
"175","09X505","Bronx School For Law, Government And Justice","404","418","402","Middle/High School","58%",66.2,6.6,2,30.4,66.2,1,45.9,54.1,14,763,"80"
"176","09X517","Frederick Douglass Academy Iii Secondary School","368","384","369","Middle/High School","83%",79.7,6.4,1.1,56.2,41.4,0.4,51.5,48.5,17.7,532,"50"
"177","09X525","Bronx Leadership Academy High School","384","394","388","High School","16%",76.9,9.6,0.7,41.1,57,0,43.3,56.7,20.3,705,"114"
"178","09X543","High School For Violin And Dance","353","315","371","High School","42%",84.3,8.7,0.3,36.8,62.5,0,14.6,85.4,22.3,323,"27"
"179","10X141","Riverdale / Kingsbridge Academy (Middle School / H","438","455","440","Middle/High School","22%",39.7,6.7,8.8,13,53,24.9,51.8,48.2,15.2,1337,"113"
"180","10X213","Bronx Engineering And Technology Academy","373","412","365","High School","26%",79.8,15.5,5.2,29.5,64.2,0.9,82.7,17.3,21.4,444,"86"
"181","10X225","Theatre Arts Production Company School","405","391","394","Middle/High School","19%",67.4,4.4,1.1,27.3,69.7,1.1,30.9,69.1,18.9,524,"59"
"182","10X237","The Marie Curie School For Medicine, Nursing, And","382","393","382","High School","30%",71.5,6.7,1.5,35.6,57.4,3.3,16.5,83.5,15.6,540,"79"
"183","10X243","West Bronx Academy For The Future","382","406","370","Middle/High School","43%",86.3,13.2,3.5,24.7,69.5,1.3,57.9,42.1,19.5,636,"26"
"184","10X268","Kingsbridge International High School","304","356","302","High School","58%",95.1,88.7,6.8,5.4,84.7,3,52.3,47.7,0.4,497,"52"
"185","10X284","Bronx School Of Law And Finance","402","395","385","High School","22%",74.2,7.1,0.7,31.5,65.2,2.6,56.6,43.4,15.2,422,"54"
"186","10X319","Providing Urban Learners Success In Education High","s","s","s","Transfer High School","1%",81.8,5.2,0,37.6,61.5,0.5,40.4,59.6,16.4,213,"s"
"187","10X342","International School For Liberal Arts","300","333","301","Middle/High School","71%",78.3,79.9,0.2,0,99.8,0,49,51,4.6,606,"49"
"188","10X368","In-Tech Academy (M.S. / High School 368)","390","408","383","Middle/High School","37%",77.9,12.1,4,11.9,81.9,2,48.9,51.1,14.3,1126,"111"
"189","10X374","Knowledge And Power Preparatory Academy Internatio","392","401","387","High School","72%",75.3,9.3,0.9,35.2,59.9,3.1,47.2,52.8,11.1,324,"61"
"190","10X397","English Language Learners And International Suppor","343","356","330","High School","22%",92.8,80.4,7,16.5,72.5,1.9,55.7,44.3,0,316,"38"
"191","10X433","High School For Teaching And The Professions","370","371","365","High School","25%",88.1,17.8,2.5,25.2,70.4,1.9,42.3,57.7,20.1,473,"57"
"192","10X434","Belmont Preparatory High School","404","418","400","High School","28%",76.8,11.3,3.2,29,65.6,1.7,47.2,52.8,15.7,407,"51"
"193","10X437","Fordham High School For The Arts","355","350","372","High School","30%",78.3,12.4,1.6,35.7,61.5,1.3,43.2,56.8,22.5,387,"48"
"194","10X438","Fordham Leadership Academy For Business And Techno","367","385","367","High School","23%",78.9,16.6,2.7,27.7,67.8,1.3,63.4,36.6,20.6,451,"63"
"195","10X439","Bronx High School For Law And Community Service","366","364","352","High School","27%",80.2,13.4,2.3,30.8,64.6,0.9,44.4,55.6,20.8,432,"65"
"196","10X440","Dewitt Clinton High School","419","426","410","High School","17%",74.8,19,6.7,30.8,59.6,2.1,51.1,48.9,14.9,4159,"443"
"197","10X442","Celia Cruz Bronx High School Of Music, The","423","420","427","High School","35%",74.7,3.5,0.5,27.2,69.5,2.4,40.7,59.3,7.8,423,"52"
"198","10X445","Bronx High School Of Science","632","688","649","High School","41%",34.2,0.1,63.5,3.5,7.2,25.4,57.8,42.2,0.1,3013,"731"
"199","10X475","John F. Kennedy High School","351","362","339","High School","16%",77.8,23.8,0.7,35.1,62.7,1.4,68.3,31.7,20.8,706,"109"
"200","10X477","Marble Hill High School For International Studies","414","435","414","High School","57%",83.9,32.2,11,23,57.9,7.5,46.7,53.3,6.8,456,"99"
"201","10X546","Bronx Theatre High School","348","362","354","High School","89%",73.7,9.4,0.4,28.8,69,1.8,32.1,67.9,15.1,445,"68"
"202","10X549","Discovery High School","372","379","364","High School","5%",80,20.6,2.1,20.2,75.6,1.3,52.4,47.6,17.8,529,"55"
"203","10X660","Grace Dodge Career And Technical Education High Sc","362","382","356","High School","14%",71,18.8,1.5,30.1,67.1,0.9,40,60,24.1,1162,"73"
"205","10X696","High School Of American Studies At Lehman College","636","648","636","High School","31%",20.8,0,16.7,10.6,18,53.8,53.8,46.2,1.3,377,"92"
"206","11X249","Bronx Health Sciences High School","370","381","382","High School","11%",73.9,6.1,4.8,56.8,36.3,0.5,35.3,64.7,7.4,377,"74"
"207","11X253","Bronx High School For Writing And Communication Ar","400","357","390","High School","24%",72.4,8.5,2.4,48.3,47.6,1.7,40.8,59.2,14.5,422,"46"
"208","11X265","Bronx Lab School","377","391","367","High School","43%",75.5,3.7,2.7,37.8,57.3,1.7,59.5,40.5,15.8,482,"81"
"209","11X270","Academy For Scholarship And Entrepreneurship: A Co","386","394","361","Middle/High School","33%",63.7,6.3,2.5,63.7,32,0.7,52,48,18.5,606,"56"
"210","11X275","High School Of Computers And Technology","381","376","354","High School","43%",71.8,10.2,3.6,34.9,59.5,1.3,87.3,12.7,20.2,550,"72"
"211","11X288","Collegiate Institute For Math And Science","444","471","433","High School","55%",67.9,3.3,9.2,36.8,46.8,7,57.1,42.9,14,543,"97"
"212","11X290","Bronx Academy Of Health Careers","387","365","383","High School","26%",70.8,7.7,3.3,52.6,41.2,1,32.7,67.3,19,483,"69"
"213","11X299","Astor Collegiate Academy","387","391","391","High School","22%",64.4,7.6,5.4,35.7,46,11.8,58.6,41.4,21.7,498,"60"
"214","11X415","Christopher Columbus High School","367","361","353","High School","20%",59.2,18.3,5.8,34.9,46.5,12.7,55.2,44.8,24.1,727,"121"
"216","11X418","Bronx High School For The Visual Arts","419","433","416","High School","28%",68.7,5.2,1.9,29.2,62.3,6.4,58,42,20.9,483,"48"
"217","11X455","Harry S Truman High School","386","397","368","High School","5%",50.6,9.2,2,51.8,43.8,1.3,60,40,25.1,1773,"189"
"218","11X513","New World High School","332","381","335","High School","29%",79.5,80.1,12.4,13.2,70.4,3.2,50,50,1.5,402,"72"
"219","11X514","The Bronxwood Preparatory Academy","377","372","363","High School","25%",66.7,7,1.9,58.2,37.3,1,61.3,38.7,20.9,416,"48"
"220","11X541","Global Enterprise High School","372","382","375","High School","18%",80.3,14.4,4.1,35.9,54.1,5.6,56.7,43.3,17.8,270,"57"
"221","11X542","Pelham Preparatory Academy","431","438","419","High School","68%",61,2.2,2.4,40.2,49.7,6.9,48.1,51.9,14.2,507,"76"
"222","11X544","High School For Contemporary Arts","383","378","365","High School","80%",71.9,10.2,1,37.2,59.9,1,55.3,44.7,21.3,479,"55"
"223","11X545","Bronx Aerospace High School","388","393","382","High School","31%",45.6,14.7,2.2,23.8,72.6,1.2,82.5,17.5,25.7,416,"46"
"224","12X245","New Day Academy","348","344","354","Middle/High School","11%",87,11,1,45.5,53.4,0,48.2,51.8,23,191,"25"
"225","12X248","Metropolitan High School, The","347","367","341","High School","16%",86.6,21.8,1.8,24.2,72.9,0.9,54,46,20.9,339,"49"
"226","12X251","Explorations Academy","381","381","360","High School","27%",76.4,19.9,1.7,31.2,65.5,1.4,50.8,49.2,21.3,362,"57"
"227","12X262","Performance Conservatory High School","361","353","360","High School","14%",61.9,10,1.2,39.2,57.7,0.8,24.6,75.4,28.1,260,"30"
"228","12X267","Bronx Latin","408","432","411","Middle/High School","74%",79.3,13.6,0.2,25.6,73.2,1,49.8,50.2,21.5,418,"36"
"229","12X271","East Bronx Academy For The Future","366","378","358","Middle/High School","26%",86.2,11.6,1.9,29.4,68.3,0.2,53,47,24.1,619,"46"
"230","12X278","Peace And Diversity Academy","390","401","364","High School","91%",78.8,13.9,1.7,43.7,53.7,0.9,45,55,17.3,231,"34"
"231","12X388","Pan American International High School At Monroe","321","351","298","High School","49%",100,92.9,0,0,99.8,0,51.5,48.5,0.2,406,"30"
"233","12X446","Arturo A. Schomburg Satellite Academy Bronx","380","372","349","Transfer High School","79%",62.1,4.8,0.4,41.2,57,0,33.3,66.7,9.2,228,"14"
"234","12X478","The Cinema School","s","s","s","High School","22%",75.9,4,4.5,28.7,65,1.8,40.8,59.2,4,223,"s"
"235","12X479","Bronx Career And College Preparatory High School","s","s","s","High School","48%",72.2,16.8,2.5,37.3,59.8,0.4,44.3,55.7,27.5,244,"s"
"236","12X480","Bronx Regional High School","398","385","398","Transfer High School","13%",73,10.1,1.5,40.5,57.1,0.6,37.6,62.4,8,338,"16"
"237","12X550","High School Of World Cultures","304","323","312","High School","100%",90.6,86.4,2.4,10.8,84.6,0.5,52,48,0.5,369,"42"
"238","12X682","Fannie Lou Hamer Freedom High School","342","346","341","High School","46%",81.1,11.5,0.2,30.6,68.8,0.2,54.1,45.9,26.2,477,"72"
"239","12X684","Wings Academy","378","374","362","High School","59%",66.4,4.5,1.3,55,42.2,1.3,53.7,46.3,22.3,538,"66"
"240","12X690","Monroe Academy For Business/Law","375","387","376","High School","36%",80.8,14.9,2.4,26.9,69.1,0.4,60.6,39.4,18.5,249,"31"
"241","12X692","Monroe Academy For Visual Arts & Design","332","357","349","High School","9%",87.3,28.8,0.9,20.4,77.5,1.3,52.6,47.4,20.8,466,"43"
"242","13K265","Dr. Susan S. Mckinney Secondary School Of The Arts","352","349","373","Middle/High School","35%",71.1,4.3,0.5,72,24.6,1.8,37,63,20.3,443,"29"
"243","13K336","Academy Of Business And Community Development","439","374","418","Middle/High School","32%",59.1,3.1,2.7,88.9,7.1,0.4,99.6,0.4,21.3,225,"9"
"244","13K350","Urban Assembly High School Of Music And Art","360","364","356","High School","13%",74.1,4.6,1.9,73.3,22.7,0.9,42.7,57.3,22.5,431,"52"
"245","13K412","Brooklyn Community High School Of Communication, A","375","355","384","High School","14%",68.9,2.4,0.6,79.2,17.1,1.3,45.5,54.5,18,462,"37"
"246","13K419","Science Skills Center High School For Science, Tec","399","417","395","High School","33%",60.7,7,7.2,77.8,12.2,2.1,56.1,43.9,13.7,517,"92"
"247","13K430","Brooklyn Technical High School","587","659","587","High School","6%",50.7,0.1,60.3,10.2,7.9,21.3,58.3,41.7,0.5,5332,"1277"
"248","13K439","Brooklyn International High School","305","364","312","High School","85%",80,83.1,42.5,20.2,28.6,8.7,48.2,51.8,0,367,"90"
"249","13K483","The Urban Assembly School For Law And Justice","400","417","389","High School","38%",60.5,0.9,0.9,79.1,17.1,1.1,39.6,60.4,13.3,450,"105"
"250","13K499","Acorn Community High School","384","364","368","High School","12%",81,2.9,1.2,84.7,12.2,0.8,55.8,44.2,18.6,731,"72"
"251","13K509","Freedom Academy High School","400","390","403","High School","24%",68,1.8,1.4,82.1,15.1,0.9,43.6,56.4,14.2,218,"29"
"252","13K527","Urban Assembly Institute Of Math And Science For Y","s","s","s","Middle/High School","45%",62.2,1.5,5.1,79.3,11.7,2.6,0,100,13.2,469,"s"
"253","13K553","Brooklyn Academy High School","435","383","379","Transfer High School","34%",67.2,0,0.5,86.4,11.4,0,49.5,50.5,9.8,184,"8"
"254","13K575","Bedford Stuyvesant Preparatory High School","398","391","394","Transfer High School","26%",74.6,0.7,0,83.6,12.5,2,35.5,64.5,0,152,"13"
"255","13K595","Bedford Academy High School","438","443","431","High School","53%",46.7,1.1,2.7,89.4,7.1,0.3,49,51,4.1,367,"89"
"256","13K605","George Westinghouse Career And Technical Education","406","391","392","High School","41%",65,1.9,2.8,79.8,15.3,1.3,75.5,24.5,14.1,927,"85"
"257","13K616","Brooklyn High School For Leadership And Community","s","s","s","Transfer High School","21%",63.9,2.4,0.5,68.4,28.3,1.4,49.5,50.5,7.5,212,"s"
"258","13K670","Benjamin Banneker Academy","471","472","448","High School","17%",47.4,0,2.7,87,8.8,0.4,46.1,53.9,3,895,"185"
"259","13K674","City Polytechnic High School Of Engineering, Archi","441","499","413","High School","25%",61.9,3.6,7.5,58.2,26.3,4.5,79.4,20.6,15.8,335,"20"
"260","14K071","Juan Morel Campos Secondary School","365","361","359","Middle/High School","16%",76.6,24.9,0.2,15.3,80.6,3.4,54.7,45.3,26.7,865,"102"
"261","14K322","Foundations Academy","s","s","s","High School","23%",78.7,5.7,1.4,66.7,29.8,1.4,56.7,43.3,28.4,141,"s"
"262","14K404","Academy For Young Writers","387","357","381","High School","16%",65.3,2.5,0.7,63.5,32.2,3,24.2,75.7,12.7,400,"68"
"263","14K449","Brooklyn Latin School, The","586","584","570","High School","29%",53.3,0.4,36.8,26.7,17.9,14.5,54.9,45.1,1.1,468,"72"
"264","14K454","Green School: An Academy For Environmental Careers","407","386","396","High School","23%",72.9,11.5,2,47.7,46.9,2.6,46.2,53.8,15.3,392,"41"
"265","14K474","Progress High School For Professional Careers","364","379","371","High School","24%",84.8,16.1,0.7,32.6,65.4,1,48.5,51.5,13,1068,"144"
"266","14K477","School For Legal Studies","413","396","395","High School","22%",65.6,5.7,0.9,57.7,39.3,1.7,45.8,54.2,13,759,"134"
"267","14K478","The High School For Enterprise, Business And Techn","398","421","396","High School","26%",74.2,9.9,3.2,39.3,55.4,1.9,65.7,34.3,13.2,976,"142"
"268","14K488","Brooklyn Preparatory High School","367","373","350","High School","27%",80.3,2.7,1.7,58.7,37.7,1,47.7,52.2,18.8,400,"42"
"269","14K558","Williamsburg High School For Architecture And Desi","363","385","364","High School","69%",82.6,7,1.4,38.4,57.2,2.2,72.6,27.4,17.6,500,"72"
"270","14K561","Williamsburg Preparatory School","397","410","380","High School","30%",81,2.8,1.6,25.5,61.5,11.1,51,49,12.7,577,"113"
"271","14K586","Lyons Community School","371","377","355","Middle/High School","28%",78.6,14.6,1.1,41.7,54.6,2.1,53.7,46.3,22,527,"31"
"272","14K610","Automotive High School","367","376","350","High School","6%",67.1,4.7,1.4,66.1,30.2,1.7,95.6,4.4,30.3,723,"94"
"273","14K632","Frances Perkins Academy","382","372","368","High School","13%",86.9,9.8,0,64.7,31.2,4,76.9,23.1,24.9,173,"12"
"274","14K685","El Puente Academy For Peace And Justice","359","335","341","High School","63%",80.4,17,1.8,10.1,87.6,0.5,42.7,57.3,23.4,218,"28"
"276","15K429","Brooklyn School For Global Studies","361","367","383","Middle/High School","17%",68.2,5.9,2.3,54.5,39,3.4,56.2,43.8,25.4,354,"52"
"277","15K448","Brooklyn Secondary School For Collaborative Studies","393","399","387","Middle/High School","33%",57.2,4.5,4.3,34.2,48.1,12.6,59.1,40.9,29.2,692,"76"
"278","15K462","Secondary School For Law","398","411","394","Middle/High School","51%",76.1,6.3,2.5,62.4,29.6,5.5,44.2,55.8,12.7,473,"59"
"279","15K463","Secondary School For Journalism","397","391","381","Middle/High School","35%",77,16.7,9.2,42,43.2,5.4,42.3,57.7,13.4,336,"58"
"280","15K464","Park Slope Collegiate","379","416","380","Middle/High School","12%",78,9.6,8.6,33.2,51.8,5.3,52.8,47.2,16.5,394,"72"
"281","15K497","School For International Studies","405","415","392","Middle/High School","30%",68.1,14.6,6.2,40.9,38.9,14,50.8,49.2,15.2,486,"64"
"282","15K519","Cobble Hill School Of American Studies","398","402","385","High School","33%",73.4,7.5,5.1,71.5,21,2.3,43.9,56.1,18.9,663,"77"
"283","15K520","Pacific High School","352","341","300","Transfer High School","7%",58,0,0,82,18,0,61,39,8,100,"9"
"284","15K529","West Brooklyn Community High School","s","s","s","Transfer High School","83%",71.2,2.3,8.9,9.4,64.8,16.9,58.7,41.3,7.5,213,"s"
"285","15K530","Metropolitan Corporate Academy High School","368","365","368","High School","22%",68.2,1.1,0.5,80.6,16.7,0,50,50,17.2,186,"28"
"286","15K656","Brooklyn High School Of The Arts","426","421","411","High School","17%",59.3,0.1,1.8,76.5,19,2.2,33.9,66.1,7.2,678,"141"
"287","15K667","Sunset Park High School","s","s","s","High School","34%",79.9,14.4,4.7,7.8,80.8,6.7,50.7,49.3,22.3,988,"s"
"288","15K698","South Brooklyn Community High School","430","416","425","Transfer High School","10%",74,2,0.7,21.5,72.5,4,45,55,6,149,"8"
"289","16K393","Frederick Douglass Academy Iv Secondary School","355","355","358","Middle/High School","37%",71,1.4,0.9,83.6,14.1,0.5,48.7,51.3,17.1,439,"20"
"290","16K455","Boys And Girls High School","365","370","362","High School","15%",61.7,2.5,0.5,90,7.8,0.7,61.7,38.3,20.5,1631,"131"
"291","16K498","Brooklyn High School For Law And Technology","362","372","358","High School","17%",74.5,4.7,1,72.8,24.9,0,51.6,48.4,20.7,405,"46"
"292","16K594","Gotham Professional Arts Academy","370","372","351","High School","12%",58.6,2.4,1,78.6,19.4,0.7,43.2,56.8,17.3,294,"36"
"293","16K688","The Brooklyn Academy Of Global Finance","s","s","s","High School","15%",57.4,6.3,1.9,74.2,20.8,2.5,51.6,48.4,20.8,159,"s"
"294","17K382","Academy For College Preparation And Career Explora","396","374","369","Middle/High School","13%",57,5,0.2,92,6.7,1.1,53.8,46.2,10.8,565,"59"
"295","17K408","Academy Of Hospitality And Tourism","352","342","351","High School","59%",65.5,12.9,1.6,84.3,12.9,0.9,49.8,50.2,15.4,319,"57"
"297","17K489","W.E.B. Dubois Academic High School","394","364","334","Transfer High School","25%",70.3,0.5,1,93.5,4,0.5,45.7,54.3,11.1,199,"7"
"298","17K524","International High School At Prospect Heights","287","335","291","High School","37%",80.9,91,28.4,29.2,27.9,14.2,59.1,40.9,1,401,"71"
"299","17K528","The High School For Global Citizenship","403","385","388","High School","25%",68.7,5.2,1.5,89.2,7.3,1.5,50.1,49.9,13.4,343,"46"
"300","17K531","School For Human Rights, The","348","381","359","Middle/High School","47%",73.2,6.2,0.8,88.9,8.3,1.6,51.6,48.4,15,386,"35"
"301","17K533","School For Democracy And Leadership","377","404","372","Middle/High School","48%",68.3,3.7,0.5,89.4,8.4,1.5,52,48,14.5,406,"38"
"302","17K537","High School For Youth And Community Development At","338","349","340","High School","57%",60.9,9.1,1,87.3,9.1,1,61.6,38.4,15.8,385,"73"
"303","17K539","High School For Service & Learning At Erasmus","362","375","368","High School","41%",65.3,8.8,2.1,87,9,1.7,63.3,36.7,19.2,422,"61"
"304","17K543","Science, Technology And Research Early College Hig","457","462","441","Middle/High School","95%",63.3,0,3.1,83.9,9.4,1.3,53,47,2.3,521,"69"
"305","17K544","International Arts Business School","386","391","369","High School","12%",69.3,7.9,0.8,86.9,10,1.3,47.9,52.1,17.4,390,"54"
"306","17K546","High School For Public Service: Heroes Of Tomorrow","418","441","414","High School","28%",70.3,0.5,3.6,82.5,12.2,0.7,24.9,75.1,4.1,417,"79"
"307","17K547","Brooklyn Academy Of Science And The Environment","388","382","373","High School","24%",80.9,6.8,4,79.6,14.2,1.5,54.4,45.6,11.9,471,"63"
"308","17K548","Brooklyn School For Music & Theatre","385","393","373","High School","45%",60.5,0.5,1,82.8,15.3,1,32.8,67.2,12.1,412,"48"
"309","17K568","Brownsville Academy High School","372","356","335","Transfer High School","47%",71.7,3.1,1.3,84.3,9.9,1.3,37.7,62.3,8.5,223,"16"
"310","17K590","Medgar Evers College Preparatory School","476","481","479","Middle/High School","38%",59.1,0,0.9,95.7,2.8,0,41.8,58.2,0.5,1104,"165"
"311","17K600","Clara Barton High School","425","413","413","High School","26%",73,8.3,1.8,91.2,5.8,0.7,23.8,76.2,12.7,1608,"259"
"312","17K625","Paul Robeson High School","365","363","355","High School","11%",77.9,3.4,0.9,87.1,9.5,1.5,54.9,45.1,25.5,326,"53"
"313","17K751","Academy For Health Careers","s","s","s","High School","28%",87.7,8,3.6,81.2,13.8,1.4,27.5,72.5,15.2,138,"s"
"314","18K563","It Takes A Village Academy","313","320","330","High School","46%",76.5,30.4,1.8,92.9,4.5,0.5,49,51,11.5,382,"56"
"315","18K566","Brooklyn Generation School","374","377","394","High School","16%",60.5,5.7,1.5,88.8,8.5,0.9,61,39,19.6,331,"29"
"316","18K567","Brooklyn Theatre Arts High School","383","358","377","High School","12%",67.8,5,0.5,84.3,12.8,2.1,36.1,63.9,18.6,382,"54"
"317","18K569","Kurt Hahn Expeditionary Learning School","368","378","346","High School","38%",62.6,9.5,0,88.1,8.8,1.7,64.3,35.7,20.1,294,"43"
"318","18K576","Victory Collegiate High School","387","377","379","High School","31%",64.1,5.2,0.3,93.5,5.8,0,48.9,51.1,16.6,325,"63"
"319","18K578","Brooklyn Bridge Academy","384","362","351","Transfer High School","87%",65,2.8,0.9,88,9.2,0.9,58.5,41.5,11.1,217,"17"
"320","18K589","Arts & Media Preparatory Academy","361","360","359","High School","30%",54.4,3.4,0.7,89.4,9.6,0,47.4,52.6,17.4,293,"48"
"321","18K617","High School For Innovation In Advertising And Medi","404","393","386","High School","38%",61.3,8.1,1.3,85.8,10.6,1.3,66.5,33.5,18.1,310,"37"
"322","18K629","Cultural Academy For The Arts And Sciences","393","395","381","High School","14%",71.6,7.7,1.3,86.6,11.4,0.7,51.5,48.5,18.4,299,"33"
"323","18K633","High School For Medical Professions","386","380","393","High School","64%",75.2,3.3,1.7,85,12.4,0.2,21.5,78.5,10.4,460,"75"
"324","18K635","Olympus Academy","400","370","370","Transfer High School","2%",51.1,1.5,1,86.2,11.3,1,50.2,49.8,9.4,203,"7"
"325","18K637","Academy For Conservation And The Environment","363","381","367","High School","41%",54.5,6.9,2.2,83.9,12,1.5,54.7,45.3,16.8,274,"35"
"326","18K642","Urban Action Academy","376","385","374","High School","21%",76.4,11.1,2.3,82.3,10.5,3.9,62.6,37.4,12.5,305,"40"
"327","18K673","East Brooklyn Community High School","410","403","378","Transfer High School","29%",56.7,0.5,1,88.7,9.4,0.5,52.2,47.8,8.9,203,"12"
"328","19K409","East New York Family Academy","416","432","394","Middle/High School","41%",72.2,0.5,0.5,67.2,30.3,1.4,43.2,56.8,2.1,433,"54"
"329","19K420","Franklin K. Lane High School","s","s","s","High School","54%",64.3,38.4,4.5,11.6,82.1,1.8,51.8,48.2,12.5,112,"s"
"331","19K502","Fdny High School For Fire And Life Safety","341","349","333","High School","42%",70.9,5,1,73.8,23.4,1.6,81.1,18.9,21,381,"37"
"332","19K504","High School For Civil Rights","363","349","342","High School","18%",60.5,9.7,2,74.3,22.2,1,54.4,45.6,16.2,401,"47"
"333","19K507","Performing Arts And Technology High School","380","386","383","High School","18%",76,4.9,0.7,81.5,17.4,0,51.4,48.6,19.6,453,"61"
"334","19K510","World Academy For Total Community Health High Scho","371","365","370","High School","29%",72.6,4.2,2.1,81.1,14.2,1.3,36.8,63.2,14.7,380,"68"
"335","19K583","Multicultural High School","279","322","286","High School","12%",73.4,94.6,0,0.2,99.8,0,49.8,50.2,1,406,"29"
"336","19K615","Transit Tech Career And Technical Education High S","395","418","380","High School","11%",62.3,2.4,4.4,70.5,23.2,1.5,84.1,15.9,14.2,1317,"182"
"337","19K618","Academy Of Innovative Technology","371","371","354","High School","28%",75.8,12.1,7.4,38.4,50.2,3,70.3,29.7,19.3,404,"60"
"338","19K639","Brooklyn Lab School","360","385","363","High School","25%",76,15.4,1.5,30.7,65,1.3,58.4,41.6,19.4,397,"57"
"339","19K659","Cypress Hills Collegiate Preparatory School","376","385","368","High School","42%",67.1,16.2,8.2,16.9,73.2,1.4,47.8,52.2,11.7,437,"51"
"340","19K660","W. H. Maxwell Career And Technical Education High","370","369","363","High School","66%",73.3,5.3,0.5,71.9,25.4,0.7,29.8,70.2,26.6,590,"74"
"341","19K683","The School For Classics: An Academy Of Thinkers, W","383","400","374","High School","51%",81.9,9,10,54.3,34.7,0.6,37.6,62.4,17.7,311,"38"
"342","20K445","New Utrecht High School","402","471","399","High School","52%",59,23,35.9,5.5,28,30.5,59.3,40.7,15.6,3276,"456"
"343","20K485","High School Of Telecommunication Arts And Technolo","425","474","424","High School","16%",67.3,4.9,19.2,9.5,54.1,16.8,53.5,46.5,19.4,1280,"238"
"344","20K490","Fort Hamilton High School","417","478","411","High School","58%",45.9,21.2,30.3,5,30.2,34.2,53.4,46.6,12.8,4275,"694"
"345","20K505","Franklin Delano Roosevelt High School","383","486","375","High School","46%",74.3,39.4,44.2,9.4,27.3,18.6,58.4,41.6,10.8,3108,"385"
"346","20K609","Urban Assembly School For Criminal Justice","s","s","s","Middle/High School","20%",82.7,15.5,35,33.7,21.9,9.1,0,100,17.1,374,"s"
"348","21K337","International High School At Lafayette","326","386","314","High School","63%",73.8,89.2,42,14,21,22.7,58.9,41.1,0.3,343,"54"
"349","21K344","Rachel Carson High School For Coastal Studies","402","427","408","High School","41%",70.4,11,12.3,24.1,25.8,37.6,53.6,46.4,16,481,"54"
"350","21K348","High School Of Sports Management","388","398","378","High School","22%",69.2,2.4,2.7,68.4,23,5.9,88.9,11.1,14.6,370,"39"
"351","21K410","Abraham Lincoln High School","396","437","393","High School","12%",53.3,16.7,19.3,35.1,20.1,25.1,56.4,43.6,11.5,2595,"475"
"352","21K468","Kingsborough Early College School","s","s","s","Middle/High School","58%",70,2.8,7.2,25,22.7,44.7,57.8,42.2,15.7,472,"s"
"353","21K525","Edward R. Murrow High School","468","496","467","High School","24%",28.5,9.1,27.1,24.1,17.6,30.8,42.4,57.6,14.1,4022,"727"
"354","21K540","John Dewey High School","404","468","390","High School","32%",58.7,19.6,39.1,30.6,19.1,10.8,51.5,48.5,8.7,2168,"448"
"355","21K559","Life Academy High School For Film And Music","384","375","365","High School","37%",72,4.8,4.8,44.6,29.9,20.3,51,49,20.3,251,"40"
"356","21K572","Expeditionary Learning School For Community Leader","353","370","356","High School","33%",64.4,21.7,19.5,19.5,41.2,19.5,51.3,48.7,16.4,226,"40"
"357","21K620","William E. Grady Career And Technical Education Hi","394","414","376","High School","53%",74.3,3.1,3.2,74.9,14,6.9,78,22,22.7,956,"95"
"358","21K690","Brooklyn Studio Secondary School","429","449","435","Middle/High School","30%",49.9,8.4,12.8,7.2,23.1,56.5,50.1,49.9,18.7,876,"119"
"359","21K728","Liberation Diploma Plus","411","369","373","Transfer High School","69%",82.3,1.6,2.6,44,37.7,15.2,41.9,58.1,6.3,191,"10"
"360","22K405","Midwood High School","478","519","476","High School","17%",41.2,3.7,31.7,35.2,11.7,21.2,45.3,54.7,5.2,3842,"824"
"361","22K425","James Madison High School","436","475","439","High School","26%",58.3,13.2,20.8,17.9,14.5,46.4,54.4,45.6,12.4,3076,"518"
"362","22K495","Sheepshead Bay High School","383","392","370","High School","11%",53.1,21.7,12,61.8,15.8,10.1,53.2,46.8,13.1,1928,"236"
"363","22K535","Leon M. Goldstein High School For The Sciences","524","561","542","High School","27%",29,0.5,13.5,9.4,10.8,65.6,41.2,58.8,7.3,1022,"259"
"364","22K555","Brooklyn College Academy","456","456","440","Middle/High School","72%",48.4,0.2,5.9,77.9,12.4,2.7,36.3,63.7,1.7,630,"131"
"365","23K493","Brooklyn Collegiate: A College Board School","389","409","387","Middle/High School","19%",74.5,1.6,1.9,88.1,8.3,0.5,50.7,49.3,12.1,580,"60"
"366","23K514","Frederick Douglass Academy Vii High School","361","371","359","High School","45%",66.9,1.4,0.8,88.5,10.4,0,48.5,51.5,20.3,365,"55"
"367","23K643","Brooklyn Democracy Academy","349","338","331","Transfer High School","2%",62.3,2.4,1.5,85.9,11.7,0.5,47.8,52.2,16.1,205,"11"
"368","23K646","Aspirations Diploma Plus High School","311","371","311","Transfer High School","23%",72.5,2.2,1.5,77.8,20,0.4,46.2,53.8,7.3,275,"7"
"369","23K647","Metropolitan Diploma Plus High School","350","346","332","Transfer High School","35%",72.1,1.1,0,86.2,13.8,0,48.6,51.4,8.8,181,"17"
"370","23K697","Teachers Preparatory High School","392","416","388","Middle/High School","47%",69.8,1.8,0.7,84.8,13.1,1.2,34.1,65.9,11,566,"69"
"371","24Q264","Academy Of Finance And Enterprise","405","454","421","High School","76%",62.8,7.9,17.9,9.8,56.4,15.2,49.3,50.7,9.8,420,"89"
"372","24Q267","High School Of Applied Communication","406","413","400","High School","16%",66.9,10.3,13.9,12.9,57.2,16,43.8,56.2,16.2,388,"39"
"373","24Q293","Civic Leadership Academy","404","429","407","High School","48%",71,9.1,7.8,9.1,79.3,3.3,44.5,55.5,18.5,449,"69"
"374","24Q296","Pan American International High School","317","323","311","High School","48%",78.3,91.3,0,0,100,0,47.8,52.2,0.8,366,"55"
"375","24Q299","Bard High School Early College Ii","545","568","550","High School","49%",39.2,0.3,32,16.2,21.2,30.3,39.3,60.7,0,631,"155"
"376","24Q455","Newtown High School","383","440","380","High School","19%",56.2,30,24.6,9.3,60.3,5.3,57.5,42.5,10.3,2572,"320"
"378","24Q485","Grover Cleveland High School","395","420","396","High School","17%",41.4,21.6,9.1,4.4,63.5,22.7,55,45,12.7,2069,"241"
"379","24Q520","Middle College High School At Laguardia Community","399","393","385","High School","26%",58.9,0.2,7.8,9.5,71.4,11.3,52.9,47.1,13.1,497,"58"
"380","24Q530","International High School At Laguardia Community C","326","409","329","High School","74%",75.7,76.5,43,2,44,10.3,46,54,0,493,"69"
"381","24Q550","High School For Arts And Business","391","403","380","High School","26%",69.6,13.3,9.1,8.3,79.2,3,43.1,56.9,12.2,828,"138"
"382","24Q560","Robert F. Wagner, Jr. Secondary School For Arts An","443","447","440","Middle/High School","21%",60.5,3.8,20.8,6.2,62.4,10.5,46.6,53.4,12.3,601,"80"
"383","24Q600","Queens Vocational And Technical High School","417","447","406","High School","17%",71.9,6.4,10.2,6.9,74.2,8.7,60.3,39.7,13.7,1368,"155"
"384","24Q610","Aviation Career & Technical Education High School","445","496","423","High School","19%",61.2,3.2,27.1,6.8,55.3,10.1,85.3,14.7,5.3,2201,"396"
"385","24Q744","Voyages Preparatory","s","s","s","Transfer High School","86%",59.1,3.6,8.1,23,61.7,6.9,50.4,49.6,6,248,"s"
"386","25Q252","Queens School Of Inquiry, The","455","498","443","Middle/High School","41%",41.3,2.7,40.2,17,24.2,18.1,46.7,53.3,11.8,587,"58"
"387","25Q263","Flushing International High School","314","417","318","High School","79%",84.1,88.6,64.5,1.2,32.7,1.7,57.3,42.7,0.7,422,"45"
"388","25Q281","East-West School Of International Studies","416","463","392","Middle/High School","40%",53.3,13.6,62.7,14.8,17.9,3.4,54.1,45.9,9.4,616,"59"
"389","25Q285","World Journalism Preparatory: A College Board Scho","471","489","481","Middle/High School","22%",33.5,0.8,19.3,8.4,20.3,51.6,42.2,57.8,17.8,595,"63"
"390","25Q425","John Bowne High School","397","451","395","High School","19%",68.2,24.7,34.3,19.2,40.7,5.2,49.2,50.8,9.8,3660,"558"
"391","25Q460","Flushing High School","393","441","382","High School","17%",67.6,20,19.9,26.5,49.8,3.2,55.8,44.2,11.7,3113,"347"
"393","25Q525","Townsend Harris High School","621","651","638","High School","30%",29.2,0,55.5,5.9,12.9,24.6,28.9,71.1,0.2,1140,"278"
"394","25Q540","Queens Academy High School","398","382","388","Transfer High School","26%",63.7,6.4,15.8,42.3,35.9,5.4,59.4,40.6,8.9,404,"17"
"395","25Q670","Robert F. Kennedy Community High School","431","458","441","High School","23%",46.4,7.5,28.4,11.5,35.4,24.5,53.8,46.2,18.4,721,"99"
"396","25Q792","North Queens Community High School","379","421","377","Transfer High School","49%",54.1,1.5,10.1,42.4,33.3,14.1,45.5,54.5,11.6,198,"7"
"397","26Q415","Benjamin N. Cardozo High School","480","545","489","High School","16%",37.3,6.1,45.7,18.4,18.6,16.8,47.4,52.6,11.5,3912,"888"
"398","26Q430","Francis Lewis High School","468","539","467","High School","24%",51.6,13.2,51.9,8.3,24.1,15.5,49.2,50.8,12.3,4152,"934"
"399","26Q435","Martin Van Buren High School","391","397","384","High School","5%",38.2,9.9,24.1,56.4,15.1,2.9,54.3,45.7,11.5,2390,"334"
"400","26Q495","Bayside High School","462","523","464","High School","14%",52.4,5.7,45.2,12.7,22.3,19.6,49.4,50.6,10.6,3308,"708"
"401","26Q566","Queens High School Of Teaching, Liberal Arts And T","425","434","420","High School","25%",39.5,2.5,23.8,46.3,16.8,12.3,45.8,54.2,13.9,1196,"175"
"402","27Q260","Frederick Douglass Academy Vi High School","387","385","373","High School","43%",57.1,4,3.8,67,27,1.3,52.6,47.4,13.9,445,"87"
"403","27Q262","Channel View School For Research","432","419","401","Middle/High School","47%",58,1.3,5.7,55.2,27.5,11.2,51.1,48.9,10.5,636,"74"
"404","27Q302","Queens High School For Information, Research, And","391","401","364","High School","48%",75.7,10.6,4.2,60.3,30,4.5,54.5,45.5,16.1,310,"44"
"405","27Q308","Robert H. Goddard High School Of Communication Art","423","426","416","High School","64%",66.4,3.6,26.8,7.6,42.6,21.8,48.1,51.9,15.9,578,"93"
"406","27Q309","Academy Of Medical Technology: A College Board Sch","367","379","348","Middle/High School","38%",64.2,10.6,9.1,52.6,34.2,3.2,43.8,56.2,14,527,"36"
"407","27Q323","Scholars' Academy","499","537","496","Middle/High School","84%",35.9,0,22,19.2,15.9,41.6,43.9,56.1,1,1062,"89"
"408","27Q400","August Martin High School","377","371","360","High School","17%",65.1,4.3,6.2,79.9,11.5,1.7,55.2,44.8,16.5,1029,"101"
"409","27Q410","Beach Channel High School","384","396","354","High School","6%",65.5,11.3,2,46.8,44.3,6.3,57.5,42.5,21.8,684,"78"
"410","27Q475","Richmond Hill High School","382","404","368","High School","15%",61.8,17.4,32.9,16.8,46.4,3.2,53,47,13.7,2585,"404"
"411","27Q480","John Adams High School","391","409","392","High School","14%",75.5,16,27.5,27.7,37.1,3.6,54.5,45.5,12.1,3386,"403"
"412","27Q650","High School For Construction Trades, Engineering A","429","491","425","High School","30%",53.7,0.4,30.7,11.3,41.6,15.4,67.3,32.7,5.8,924,"194"
"413","28Q284","York Early College Academy","s","s","s","Middle/High School","31%",60.2,0,23.5,64.2,10.2,0.6,51.1,48.9,9.6,489,"s"
"414","28Q310","Queens Collegiate: A College Board School","420","445","400","Middle/High School","15%",61.5,8.1,27,49,18.5,3,49.9,50.1,12.3,529,"68"
"415","28Q325","Hillside Arts & Letters Academy","s","s","s","High School","45%",65.6,12.5,28,39,21,6.5,47,53,11,200,"s"
"416","28Q338","Queens Satellite High School For Opportunity","403","408","367","Transfer High School","3%",74.5,2,2.4,61.4,17.5,10,45.4,54.6,6,251,"6"
"417","28Q350","Jamaica Gateway To The Sciences","430","452","425","High School","21%",60,4.5,45.1,36.6,15.2,2.7,46.4,53.6,7.1,224,"25"
"418","28Q440","Forest Hills High School","456","497","454","High School","11%",41.2,8.9,26.5,9,30.2,33.7,48.1,51.9,11.3,3834,"762"
"419","28Q470","Jamaica High School","342","368","353","High School","22%",55.8,29.4,31,41.7,25.9,1.1,58.9,41.1,14,564,"90"
"420","28Q505","Hillcrest High School","395","413","386","High School","43%",65,15,36.5,36.6,22.8,2.9,46.1,53.9,9,3103,"462"
"421","28Q620","Thomas A. Edison Career And Technical Education Hi","452","478","442","High School","55%",54.3,1.4,50.9,23.7,21.1,3.2,65.1,34.9,11.4,2252,"422"
"422","28Q680","Queens Gateway To Health Sciences Secondary School","513","523","502","Middle/High School","32%",55.8,0.1,36.5,44.8,15.7,2.7,38.1,61.9,1.7,783,"99"
"423","28Q686","Queens Metropolitan High School","s","s","s","High School","19%",47.3,3.6,12.1,4.8,38.6,40.4,49.6,50.4,16,663,"s"
"424","28Q687","Queens High School For The Sciences At York Colleg","612","660","596","High School","28%",25.6,0.2,74.4,10.5,7.9,6.7,56.5,43.5,0.2,418,"121"
"425","28Q690","High School For Law Enforcement And Public Safety","406","406","384","High School","23%",58.3,2.1,8.4,73.7,15.1,1.3,53,47,16.6,536,"74"
"426","28Q896","Young Women'S Leadership School, Queens","439","445","432","Middle/High School","71%",56.9,2.7,21,57.3,18.4,2.4,0,100,9,510,"68"
"427","29Q248","Queens Preparatory Academy","360","380","359","High School","25%",52.6,4.5,5.2,84.4,8.2,0.9,56,44,11.3,441,"52"
"428","29Q259","Pathways College Preparatory School: A College Boa","401","397","375","Middle/High School","15%",48.8,2.3,2.2,94.2,2.9,0.7,53.3,46.7,16,555,"46"
"429","29Q265","Excelsior Preparatory High School","402","398","402","High School","26%",50.8,2.3,4.3,82.8,9.7,0.5,56.9,43.1,14.7,443,"49"
"430","29Q272","George Washington Carver High School For The Scien","436","427","424","High School","20%",45,1.7,9.3,73.8,14.1,1.3,47.3,52.7,9.1,474,"59"
"431","29Q283","Preparatory Academy For Writers: A College Board S","370","367","363","Middle/High School","15%",51.2,1.9,3.4,84.1,10.4,0.8,43.1,56.9,14.4,473,"43"
"432","29Q326","Cambria Heights Academy","s","s","s","High School","87%",71.1,2,3.4,87.1,7.5,2,55.1,44.9,13.6,147,"s"
"433","29Q492","Mathematics, Science Research And Technology Magne","400","426","394","High School","76%",47.9,5.1,6.8,79.6,11.9,0.7,60.4,39.6,10.4,412,"78"
"434","29Q494","Law, Government And Community Service High School","385","377","377","High School","26%",45.1,2.9,4.4,83.3,10.6,0.9,48.7,51.3,13.9,454,"52"
"435","29Q496","Business, Computer Applications & Entrepreneurship","379","414","359","High School","26%",43.5,6.5,6.2,85.3,5.4,0.8,67.1,32.9,19,353,"49"
"436","29Q498","Humanities & Arts Magnet High School","393","381","377","High School","45%",51.5,3.5,4,85.9,8.5,1.5,42.8,57.2,14.8,481,"62"
"437","30Q286","Young Women's Leadership School, Astoria","s","s","s","Middle/High School","87%",68.1,5.5,39.2,4.2,40.4,16.2,0,100,5.3,495,"s"
"438","30Q301","Academy For Careers In Television And Film","410","440","405","High School","66%",54.1,2.9,6,20.5,53.5,18.9,53.2,46.8,14.6,419,"98"
"439","30Q445","William Cullen Bryant High School","414","449","412","High School","43%",33.7,17.9,28.9,7.3,48.8,14.5,53.7,46.3,12.1,2945,"395"
"440","30Q450","Long Island City High School","403","420","395","High School","9%",62.8,13.2,13.2,11.4,62.7,12.5,51.3,48.7,13.8,3386,"392"
"441","30Q501","Frank Sinatra School Of The Arts High School","504","496","494","High School","34%",29.7,0.1,8.7,16.9,27.2,46.3,30,70,1.9,756,"174"
"442","30Q502","Information Technology High School","407","434","398","High School","29%",73.7,9.6,15.6,18.1,56.6,9.4,71.8,28.2,16,917,"148"
"443","30Q555","Newcomers High School","323","475","329","High School","51%",81.2,90.3,48.3,5.6,43.5,2.6,53.2,46.8,0,932,"143"
"444","30Q575","Academy Of American Studies","487","492","491","High School","40%",52.4,5.7,29.1,6.8,34.7,29.4,45,55,8,704,"135"
"445","30Q580","Baccalaureate School For Global Education","524","568","544","Middle/High School","35%",32.2,0,34.8,3.2,24.3,37.3,44.8,55.2,0.2,440,"61"
"446","31R047","Csi High School For International Studies","452","451","450","High School","70%",29,0.2,11.5,12,17.9,58.5,41.5,58.5,13.9,532,"137"
"447","31R064","Gaynor Mccown Expeditionary Learning School","398","412","385","High School","53%",35.4,1,5.9,15.7,17.6,60,52,48,22.8,408,"61"
"448","31R080","The Michael J. Petrides School","472","488","466","Elementary/Middle/High School","37%",32.3,1.6,8.1,18.8,16.9,55.9,49.2,50.8,18.5,1308,"107"
"449","31R440","New Dorp High School","424","437","416","High School","50%",42.3,5.9,7,12.1,27.3,53.3,52.5,47.5,16.9,2658,"391"
"450","31R445","Port Richmond High School","424","438","417","High School","22%",53.3,5.3,6.8,30.9,37.6,24.2,54.8,45.2,20.9,2151,"271"
"451","31R450","Curtis High School","437","435","429","High School","61%",54.3,6.1,7.3,38.4,31.9,21.8,46.4,53.6,14.7,2552,"375"
"452","31R455","Tottenville High School","462","486","470","High School","25%",18.4,1.4,5.4,2.1,9.9,82.1,49.6,50.4,13.9,3875,"807"
"453","31R460","Susan E. Wagner High School","455","474","459","High School","57%",41.4,3.4,14.6,11.3,24.1,49.4,50.8,49.2,18.8,3243,"535"
"454","31R470","Concord High School","466","455","414","Transfer High School","42%",56.9,2.2,1.7,38,39.7,19.6,45.8,54.2,17.3,179,"10"
"455","31R600","Ralph R. Mckee Career And Technical Education High","416","422","397","High School","32%",59.7,3.6,4.6,40.3,33.2,21.6,67.1,32.9,26.2,675,"94"
"456","31R605","Staten Island Technical High School","635","682","636","High School","92%",17,0.1,31.8,1.1,5.3,61.3,57,43,0.5,1104,"227"
"458","32K403","Academy For Environmental Leadership","380","366","352","High School","47%",88.7,32.9,0.6,21,77.1,0.8,50,50,17.7,362,"50"
"459","32K545","Ebc High School For Public ServiceBushwick","384","409","361","High School","53%",86.9,15.3,1.7,9.2,88.1,0.7,52.1,47.9,12.2,606,"88"
"460","32K549","Bushwick School For Social Justice","348","353","334","High School","43%",75.1,18.2,0.5,28.3,68.7,1.8,48.4,51.6,18.4,434,"75"
"461","32K552","Academy Of Urban Planning","342","364","354","High School","28%",77.1,23.9,1.5,26.4,70.4,1,54.5,45.5,22.1,398,"67"
"462","32K554","All City Leadership Secondary School","428","465","422","Middle/High School","46%",81.4,2.7,5.3,12.9,79.5,1.5,52.1,47.9,4.9,263,"39"
"463","32K556","Bushwick Leaders High School For Academic Excellen","347","358","350","High School","33%",88,18.2,0.9,21.2,77.3,0,53.2,46.8,18.6,462,"23"
"464","32K564","Bushwick Community High School","359","317","358","Transfer High School","40%",81.8,5.2,0.3,35.9,61.5,1.8,44.2,55.8,9.4,382,"24"
